{
  "project_info": {
    "project_number": "194335645223",
    "firebase_url": "https://basedateneco-f9b78-default-rtdb.firebaseio.com",
    "project_id": "basedateneco-f9b78",
    "storage_bucket": "basedateneco-f9b78.appspot.com"
  },
  "client": [
    {
      "client_info": {
        "mobilesdk_app_id": "1:194335645223:android:f738b7dc219f9dee1d7802",
        "android_client_info": {
          "package_name": "com.example.basedatosneco2"
        }
      },
      "oauth_client": [],
      "api_key": [
        {
          "current_key": "AIzaSyBt__B77BA2AIF7Ax0zNZSSU-Uo7RvYHHc"
        }
      ],
      "services": {
        "appinvite_service": {
          "other_platform_oauth_client": []
        }
      }
    }
  ],
  "configuration_version": "1"
}